id_animal,SNP1,SNP2,SNP3,SNP4,SNP5,SNP6,SNP7,SNP8,SNP9,SNP10,SNP11,SNP12,SNP13,SNP14,SNP15,SNP16,SNP17,SNP18,SNP19,SNP20
Anim1,1,2,2,2,0,0,0,2,1,0,2,2,0,2,1,0,1,2,2,1
Anim2,0,1,2,2,2,0,2,2,1,1,1,1,0,2,2,0,1,2,2,0
Anim3,0,2,1,1,2,0,2,1,0,0,2,2,1,1,1,0,0,2,2,0
Anim4,1,2,2,1,2,0,2,1,0,0,2,2,0,2,2,0,0,2,2,0
Anim5,1,2,2,2,1,0,1,1,1,0,2,2,0,2,2,0,1,2,2,0
Anim6,1,2,1,1,1,0,1,2,1,0,2,2,1,1,0,0,0,2,2,1
Anim7,1,2,2,2,2,0,2,0,0,0,2,2,0,2,2,0,0,2,2,0
Anim8,0,1,1,1,2,0,2,2,0,1,1,2,1,1,1,0,0,2,2,0
Anim9,1,2,2,1,2,0,2,2,1,1,1,1,1,1,1,0,1,2,2,0
Anim10,0,2,1,1,1,0,1,2,1,0,1,2,2,0,1,0,0,2,2,0
