id_animal,snp_00001,snp_00002,snp_00003,snp_00004,snp_00005,snp_00006,snp_00007,snp_00008,snp_00009,snp_00010,snp_00011,snp_00012,snp_00013,snp_00014,snp_00015,snp_00016,snp_00017,snp_00018,snp_00019,snp_00020
A0001,0,2,1,0,1,2,0,1,0,2,1,0,0,2,1,1,0,2,1,0
A0002,1,0,2,1,0,0,1,2,1,0,0,1,2,1,0,0,2,1,0,1
A0003,2,1,0,0,2,1,1,0,2,1,1,2,0,0,1,2,1,0,2,0
A0004,0,0,1,2,1,0,2,1,0,0,2,1,1,2,0,1,0,2,1,1
A0005,1,2,0,1,0,2,1,0,1,2,0,0,1,1,2,0,2,1,0,0
A0006,0,1,2,0,2,1,0,2,1,1,0,2,1,0,0,2,1,0,1,2
A0007,2,0,1,1,0,0,2,1,0,2,1,0,2,1,1,0,0,2,1,0
A0008,1,1,0,2,1,2,0,0,1,0,2,1,0,2,0,1,2,1,0,1
A0009,0,2,1,0,0,1,2,1,2,0,1,0,1,0,2,2,1,0,1,0
A0010,1,0,2,1,2,0,1,0,0,1,2,1,0,1,0,1,0,2,0,2
