id_animal_img,ruta_lateral,ruta_posterior,peso_kg,altura_cruz_cm,perimetro_toracico_cm,largo_oblicuo_cm,longitud_cadera_cm
1,data/processed/imagenes/1_lat.jpg,data/processed/imagenes/1_pos.jpg,545,124,190,161,47
2,data/processed/imagenes/2_lat.jpg,data/processed/imagenes/2_pos.jpg,507,120,183,152,43
3,data/processed/imagenes/3_lat.jpg,data/processed/imagenes/3_pos.jpg,450,124,179,151,41
4,data/processed/imagenes/4_lat.jpg,data/processed/imagenes/4_pos.jpg,604,129,202,174,50
5,data/processed/imagenes/5_lat.jpg,data/processed/imagenes/5_pos.jpg,448,114,176,128,41
6,data/processed/imagenes/6_lat.jpg,data/processed/imagenes/6_pos.jpg,450,120,180,138,42
7,data/processed/imagenes/7_lat.jpg,data/processed/imagenes/7_pos.jpg,495,124,182,162,45
8,data/processed/imagenes/8_lat.jpg,data/processed/imagenes/8_pos.jpg,434,119,174,154,41
9,data/processed/imagenes/9_lat.jpg,data/processed/imagenes/9_pos.jpg,400,115,170,142,42
10,data/processed/imagenes/10_lat.jpg,data/processed/imagenes/10_pos.jpg,467,118,180,156,44
11,data/processed/imagenes/11_lat.jpg,data/processed/imagenes/11_pos.jpg,466,118,190,145,44
12,data/processed/imagenes/12_lat.jpg,data/processed/imagenes/12_pos.jpg,362,112,173,138,42
13,data/processed/imagenes/13_lat.jpg,data/processed/imagenes/13_pos.jpg,444,122,189,151,46
14,data/processed/imagenes/14_lat.jpg,data/processed/imagenes/14_pos.jpg,441,121,181,152,46
15,data/processed/imagenes/15_lat.jpg,data/processed/imagenes/15_pos.jpg,497,121,193,157,50
16,data/processed/imagenes/16_lat.jpg,data/processed/imagenes/16_pos.jpg,409,116,171,127,37
17,data/processed/imagenes/17_lat.jpg,data/processed/imagenes/17_pos.jpg,371,117,168,138,41
18,data/processed/imagenes/18_lat.jpg,data/processed/imagenes/18_pos.jpg,434,119,176,153,41
19,data/processed/imagenes/19_lat.jpg,data/processed/imagenes/19_pos.jpg,367,115,173,138,44
20,data/processed/imagenes/20_lat.jpg,data/processed/imagenes/20_pos.jpg,362,112,173,138,42
21,data/processed/imagenes/21_lat.jpg,data/processed/imagenes/21_pos.jpg,403,118,174,142,43
22,data/processed/imagenes/22_lat.jpg,data/processed/imagenes/22_pos.jpg,440,120,175,142,45
23,data/processed/imagenes/23_lat.jpg,data/processed/imagenes/23_pos.jpg,362,112,173,138,44
24,data/processed/imagenes/24_lat.jpg,data/processed/imagenes/24_pos.jpg,445,122,186,144,44
25,data/processed/imagenes/25_lat.jpg,data/processed/imagenes/25_pos.jpg,362,112,173,138,44
26,data/processed/imagenes/26_lat.jpg,data/processed/imagenes/26_pos.jpg,467,118,180,156,44
27,data/processed/imagenes/27_lat.jpg,data/processed/imagenes/27_pos.jpg,450,123,180,138,42
28,data/processed/imagenes/28_lat.jpg,data/processed/imagenes/28_pos.jpg,601,128,192,167,29
29,data/processed/imagenes/29_lat.jpg,data/processed/imagenes/29_pos.jpg,550,118,194,154,45
30,data/processed/imagenes/30_lat.jpg,data/processed/imagenes/30_pos.jpg,608,131,197,170,50
31,data/processed/imagenes/31_lat.jpg,data/processed/imagenes/31_pos.jpg,486,120,186,155,44
32,data/processed/imagenes/32_lat.jpg,data/processed/imagenes/32_pos.jpg,465,125,183,159,48
33,data/processed/imagenes/33_lat.jpg,data/processed/imagenes/33_pos.jpg,450,123,180,138,42
34,data/processed/imagenes/34_lat.jpg,data/processed/imagenes/34_pos.jpg,497,121,193,157,50
35,data/processed/imagenes/35_lat.jpg,data/processed/imagenes/35_pos.jpg,602,128,201,168,49
36,data/processed/imagenes/36_lat.jpg,data/processed/imagenes/36_pos.jpg,400,118,174,142,43
37,data/processed/imagenes/37_lat.jpg,data/processed/imagenes/37_pos.jpg,612,130,209,170,51
38,data/processed/imagenes/38_lat.jpg,data/processed/imagenes/38_pos.jpg,559,125,193,161,49
39,data/processed/imagenes/39_lat.jpg,data/processed/imagenes/39_pos.jpg,617,128,204,171,50
40,data/processed/imagenes/40_lat.jpg,data/processed/imagenes/40_pos.jpg,342,100,167,146,41
41,data/processed/imagenes/41_lat.jpg,data/processed/imagenes/41_pos.jpg,479,121,190,145,44
42,data/processed/imagenes/42_lat.jpg,data/processed/imagenes/42_pos.jpg,445,122,186,144,44
43,data/processed/imagenes/43_lat.jpg,data/processed/imagenes/43_pos.jpg,601,128,192,167,29
44,data/processed/imagenes/44_lat.jpg,data/processed/imagenes/44_pos.jpg,565,125,193,161,49
45,data/processed/imagenes/45_lat.jpg,data/processed/imagenes/45_pos.jpg,341,100,167,146,41
46,data/processed/imagenes/46_lat.jpg,data/processed/imagenes/46_pos.jpg,353,100,167,148,41
47,data/processed/imagenes/47_lat.jpg,data/processed/imagenes/47_pos.jpg,511,125,192,157,51
48,data/processed/imagenes/48_lat.jpg,data/processed/imagenes/48_pos.jpg,486,120,186,155,44
49,data/processed/imagenes/49_lat.jpg,data/processed/imagenes/49_pos.jpg,342,100,167,146,41
50,data/processed/imagenes/50_lat.jpg,data/processed/imagenes/50_pos.jpg,600,130,190,167,50
51,data/processed/imagenes/51_lat.jpg,data/processed/imagenes/51_pos.jpg,450,123,180,138,42
52,data/processed/imagenes/52_lat.jpg,data/processed/imagenes/52_pos.jpg,443,118,176,150,46
53,data/processed/imagenes/53_lat.jpg,data/processed/imagenes/53_pos.jpg,550,118,194,154,45
54,data/processed/imagenes/54_lat.jpg,data/processed/imagenes/54_pos.jpg,444,122,189,151,46
55,data/processed/imagenes/55_lat.jpg,data/processed/imagenes/55_pos.jpg,497,121,193,157,50
56,data/processed/imagenes/56_lat.jpg,data/processed/imagenes/56_pos.jpg,408,118,175,150,42
57,data/processed/imagenes/57_lat.jpg,data/processed/imagenes/57_pos.jpg,346,100,167,146,41
58,data/processed/imagenes/58_lat.jpg,data/processed/imagenes/58_pos.jpg,465,125,183,159,48
59,data/processed/imagenes/59_lat.jpg,data/processed/imagenes/59_pos.jpg,602,128,201,168,49
60,data/processed/imagenes/60_lat.jpg,data/processed/imagenes/60_pos.jpg,497,121,193,157,50
61,data/processed/imagenes/61_lat.jpg,data/processed/imagenes/61_pos.jpg,601,128,192,167,29
62,data/processed/imagenes/62_lat.jpg,data/processed/imagenes/62_pos.jpg,586,125,193,161,49
63,data/processed/imagenes/63_lat.jpg,data/processed/imagenes/63_pos.jpg,608,131,197,170,50
64,data/processed/imagenes/64_lat.jpg,data/processed/imagenes/64_pos.jpg,610,130,200,173,48
65,data/processed/imagenes/65_lat.jpg,data/processed/imagenes/65_pos.jpg,445,122,186,144,44
66,data/processed/imagenes/66_lat.jpg,data/processed/imagenes/66_pos.jpg,346,100,167,146,41
67,data/processed/imagenes/67_lat.jpg,data/processed/imagenes/67_pos.jpg,486,120,186,155,44
68,data/processed/imagenes/68_lat.jpg,data/processed/imagenes/68_pos.jpg,617,128,204,171,50
69,data/processed/imagenes/69_lat.jpg,data/processed/imagenes/69_pos.jpg,512,120,183,155,44
70,data/processed/imagenes/70_lat.jpg,data/processed/imagenes/70_pos.jpg,644,137,221,174,49
71,data/processed/imagenes/71_lat.jpg,data/processed/imagenes/71_pos.jpg,586,125,193,161,49
72,data/processed/imagenes/72_lat.jpg,data/processed/imagenes/72_pos.jpg,567,114,189,156,46
